index,trace_id,correlation_id,tokens_in,tokens_out,cost_usd
1,6932c4df9355c13396e18a9a41bf8273,req-e94d7876,35,154,0.002415
2,f983f0204d5f51c5f4cb32a94a78bcb0,req-5dc36f1d,35,125,0.001980
3,7cc37d8af002cf914397f95c7d51f69a,req-b8728118,35,92,0.001485
4,f0b71ca94abe9fbaed128acbb13c464b,req-7d60b5ae,35,92,0.001485
5,7365ec4e366118702686e9d83fe16563,req-fa7d6e2b,35,140,0.002205
6,dea08683013ed4258196268fafc7af82,req-25e01f96,35,140,0.002205
7,91c7b835ed8abe389766166e65ed3fea,req-c7481bf8,35,92,0.001485
8,9dd6198f9d8247332ffe962907dc5632,req-fd1b82fa,35,122,0.001935
9,ed88ac471315684ad907377ffcdff44b,req-25f54064,35,106,0.001695
10,61db15c47933231e0fa92416c3b984df,req-311d8bcb,35,159,0.002490
